id,label
74,0.49628931283950806
107,0.4960860013961792
138,0.4962691366672516
230,0.49573442339897156
151,0.496319979429245
36,0.4961406886577606
148,0.49590030312538147
32,0.496545672416687
132,0.49543094635009766
124,0.4956095218658447
